"id","car_model","car_mark_id"
"6217","A3","6453"
"6218","330e","6454"
"6219","Centurion","6455"
"6220","Allante","6456"
"6221","Apache","6457"
"6222","300M","6458"
"6223","Avenger","6459"
"6224","Aspire","6460"
"6225","Acadia","6461"
"6226","Accord","6462"
"6227","Azera","6463"
"6228","EX37","6464"
"6229","F-PACE","6465"
"6230","Amanti","6466"
"6231","Discovery","6467"
"6232","ES","6468"
"6233","Blackwood","6469"
"6234","B2200","6470"
"6235","280SE","6471"
"6236","Diamante","6472"
"6237","240SX","6473"
"6238","Carrera","6474"
"6239","ProMaster","6475"
"6241","Model","6477"
"6242","Avalon","6478"
"6243","lt 35","6479"
"6244","fh12","6480"
"6245","brabus","6481"
"6246","hn4252icm41c9m5","6482"
"6247","movano","6483"
"6248","tga","6484"
"6249","sitrak 540hp","6485"
"6250","sc1027sca5","6486"
"6251","3302","6487"
"6252","td65b","6488"
"6253","ft xf95.430","6489"
"6254","zk6127h19","6490"
"6255","643008","6491"
"6256","premium","6492"
"6257","sx4258nv384t","6493"
"6258","granta","6494"
"6259","беларусь - 80,1","6495"
"6260","aurobs","6496"
"6261","a21r33","6497"
"6262","dacia","6498"
"6263","patriot","6499"
"6264","atego917","6500"
"6265","joylong","6501"
"6266","533702","6502"
"6267","лада","6503"
"6268","r124la4x2nb470","6504"
"6269","chang an","6505"
"6270","lck6127h","6506"
"6271","porter","6507"
"6272","zz4257n3847c1b","6508"
"6273","fvr 33gld","6509"
"6274","tongyada","6510"
"6275","к 424","6511"
"6276","tranzit","6512"
"6277","land cruiser lc 200","6513"
"6278","43118","6514"
"6279","as440t","6515"
"6280","jaguar","6516"
"6281","boxer","6517"
"6282","bj1036v4av5","6518"
"6283","arion 630","6519"
"6284","lf5021xxya1","6520"
"6285","can-am","6521"
"6286","hundai","6522"
"6287","23632","6523"
"6288","maserati","6524"
"6289","wielton","6525"
"6290","gt650rc","6526"
"6291","zlj5350jqz35v","6527"
"6292","sko 24","6528"
"6293","krone","6529"
"6294","kavasaki","6530"
"6295","serin","6531"
"6296","3050в","6532"
"6297","xmq6600","6533"
"6298","210 case","6534"
"6299","sinotruck","6535"
"6300","shifeng chimgan","6536"
"6301","utility vehicle","6537"
"6302","fatih","6538"
"6303","weima","6539"
"6304","газ c41r13","6540"
"6305","zz4255n3847e1c","6541"
"6306","f2000 cng6x4","6542"
"6307","мini bus","6543"
"6308","longxin","6544"
"6309","honda","6545"
"6310","doblo","6546"
"6311","daewoo","6547"
"6312","daimler","6548"
"6313","zl200zh","6549"
"6314","yto me","6550"
"6315","wolksvagen","6551"
"6316","44202","6552"
"6317","lovol","6553"
"6318","yamaha 1000 ss","6554"
"6319","daimlerchrysler","6555"
"6320","chimgan","6556"
"6321","nexos","6557"
"6322","wecon","6558"
"6323","евро 4","6559"
"6324","tonly","6560"
"6325","wuling","6561"
"6326","weichai","6562"
"6327","weichai eurise","6563"
"6328","kavaki","6564"
"6329","dlq5170gjy","6565"
"6330","zhanlang","6566"
"6331","yamaha grizzly","6567"
"6332","rolls royce","6568"
"6333","golden dragon","6569"
"6334","forland","6570"
"6335","зил","6571"
"6336","75131","6572"
"6337","xyundai","6573"
"6338","тэс","6574"
"6339","dongfeng dmf","6575"
"6340","jac sunray","6576"
"6341","north benz","6577"
"6342","truck jac","6578"
"6343","chufei","6579"
"6344","stels","6580"
"6345","racing go","6581"
"6346","A4","6453"
"6347","530e","6454"
"6348","Century","6455"
"6349","Brougham","6456"
"6350","Astro","6457"
"6351","Aspen","6458"
"6352","Caliber","6459"
"6353","Bronco","6460"
"6354","Caballero","6461"
"6356","Elantra","6463"
"6357","FX35","6464"
"6358","F-TYPE","6465"
"6359","Borrego","6466"
"6362","Capri","6469"
"6363","B2300","6470"
"6364","280SL","6471"
"6365","Eclipse","6472"
"6366","280ZX","6473"
"6367","Cayenne","6474"
"6372","Arteon","6479"
"6373","C30","6480"
"6374","1841","6481"
"6375","hn4250ngx38c9m5","6482"
"6376","combo","6483"
"6377","tgs","6484"
"6378","id","6485"
"6379","sc1027dac5","6486"
"6380","бизнес","6487"
"6381","t480s","6488"
"6382","ftcf85.410t","6489"
"6383","zk6122hqb5y","6490"
"6384","duster","6492"
"6385","sx3256dt464t","6493"
"6386","gab33","6494"
"6387","беларус 80х","6495"
"6388","соболь","6497"
"6389","pickup","6499"
"6390","glс 250","6500"
"6391","6312в3","6502"
"6392","евро 5","6504"
"6393","poter","6507"
"6394","zz4257n3847c1c","6508"
"6396","transit ft 190","6512"
"6397","land cruiser 200","6513"
"6398","5410","6514"
"6399","bn","6515"
"6400","velar 3 0sc","6516"
"6401","auman bj253smfkb","6518"
"6403","lf1022a1","6520"
"6404","390995","6523"
"6405","qy26vf","6527"
"6406","ningbo","6532"
"6408","zz4255n3246c1b","6541"
"6410","3255","6552"
"6412","535d","6454"
"6413","Electra","6455"
"6414","CT4","6456"
"6415","Avalanche","6457"
"6416","Cirrus","6458"
"6417","Caravan","6459"
"6419","Canyon","6461"
"6422","FX37","6464"
"6423","I-PACE","6465"
"6424","Cadenza","6466"
"6425","Freelander","6467"
"6427","Continental","6469"
"6428","B2500","6470"
"6429","450SL","6471"
"6431","300ZX","6473"
"6436","C-HR","6478"
"6437","Atlas","6479"
"6438","C40","6480"
"6439","amg gle 43 4matic coupe","6481"
"6440","tgl02","6484"
"6442","sx4258nt384t","6486"
"6443","172411","6487"
"6444","тт4 80","6488"
"6445","fa xf105","6489"
"6446","zk6107ha","6490"
"6447","premium 460","6492"
"6448","sx5318gyyjt456","6493"
"6449","gab11","6494"
"6450","беларусь 80х","6495"
"6451","газель next","6497"
"6453","спринтер","6500"
"6454","650108","6502"
"6455","n320","6504"
"6456","h-1 12 str","6507"
"6457","zz4257n3847q1cb","6508"
"6458","npr 75k","6509"
"6459","transit 280s 2 2 tdci 125hk kassevogn","6512"
"6460","land cruiser urj202","6513"
"6461","44108","6514"
"6462","stralis","6515"
"6463","bj6549b1pxa","6518"
"6464","lf5021xxyа1","6520"
"6467","xmq6125ay","6533"
"6469","A5","6453"
"6470","740e","6454"
"6472","CT4-V","6456"
"6473","Aveo","6457"
"6474","Concorde","6458"
"6475","Challenger","6459"
"6477","Envoy","6461"
"6478","CR-V","6462"
"6480","FX45","6464"
"6481","Mark","6465"
"6482","Carnival","6466"
"6483","LR2","6467"
"6485","Corsair","6469"
"6486","B2600","6470"
"6487","A-Class","6471"
"6488","Endeavor","6472"
"6489","350Z","6473"
"6493","Roadster","6477"
"6494","Camry","6478"
"6496","C70","6480"
"6497","actros 1844 ls","6481"
"6499","zz4255n3846e1c","6485"
"6500","sc1035dcgb5","6486"
"6501","32212","6487"
"6502","td 65b 4wd","6488"
"6503","xf05edn3","6489"
"6504","trafic","6492"
"6505","sx4255nt324","6493"
"6506","rs045","6494"
"6507","беларус 82 1","6495"
"6509","396295","6499"
"6510","1217","6500"
"6511","r450","6504"
"6512","h-1","6507"
"6513","zz3327n3847d","6508"
"6514","npc7sf","6509"
"6516","5460 63","6514"
"6517","daily 35s","6515"
"6518","bj5026xxy","6518"
"6521","A6","6453"
"6522","745e","6454"
"6523","Enclave","6455"
"6524","CT5","6456"
"6525","Bel","6457"
"6526","Conquest","6458"
"6527","Charger","6459"
"6528","C-Max","6460"
"6532","FX50","6464"
"6534","EV6","6466"
"6535","LR3","6467"
"6537","Cosmopolitan","6469"
"6538","B3000","6470"
"6539","AMG","6471"
"6540","Galant","6472"
"6541","370Z","6473"
"6546","Beetle","6479"
"6547","DL","6480"
"6548","e200","6481"
"6549","tgх 18 440","6484"
"6550","howo","6485"
"6551","sc5027xxydaa5","6486"
"6552","газ 2705","6487"
"6553","td4 65в","6488"
"6554","ft xf105","6489"
"6555","premium 460 dxi alliance","6492"
"6556","sx3256dr384","6493"
"6557","rs045l","6494"
"6558","беларус 80","6495"
"6559","cargo","6499"
"6560","gls400 4matic","6500"
"6562","h1 б","6507"
"6564","ftr33hlx","6509"
"6566","65116 62","6514"
"6567","bj1022v3jv3","6518"
"6568","6155m","6532"
"6570","ALPINA","6454"
"6571","Encore","6455"
"6572","CT5-V","6456"
"6573","Beretta","6457"
"6574","Cordoba","6458"
"6575","Colt","6459"
"6578","CR-Z","6462"
"6580","G25","6464"
"6581","S-Type","6465"
"6582","Forte","6466"
"6583","LR4","6467"
"6584","GS","6468"
"6585","LS","6469"
"6586","B4000","6470"
"6588","Lancer","6472"
"6589","ARIYA","6473"
"6590","Cayman","6474"
"6595","GL","6480"
"6596","115 cdi","6481"
"6597","l 2007","6484"
"6599","3010gd","6487"
"6600","td100d delta","6488"
"6601","ft xf","6489"
"6602","medlum 180 10","6492"
"6603","sx5314xxynr456","6493"
"6604","gfl11","6494"
"6605","беларусь 80 1","6495"
"6606","1846ls","6500"
"6607","r144","6504"
"6608","libero","6507"
"6609","lzz5elnd3an443283","6508"
"6610","nqr 71 pl","6509"
"6611","land cruiser lc150","6513"
"6612","65116","6514"
"6613","8270r","6532"
"6614","A7","6453"
"6617","CT6","6456"
"6618","Biscayne","6457"
"6619","Crossfire","6458"
"6620","Coronet","6459"
"6621","Club","6460"
"6622","HUMMER","6461"
"6623","Civic","6462"
"6624","Entourage","6463"
"6625","G25x","6464"
"6626","Vanden","6465"
"6628","Range","6467"
"6630","MKC","6469"
"6631","CX-3","6470"
"6634","Altima","6473"
"6635","Macan","6474"
"6636","Celica","6478"
"6637","CC","6479"
"6638","S40","6480"
"6639","actros","6481"
"6640","tgl 12 180","6484"
"6641","td 5.110","6488"
"6642","ftxf105 460т","6489"
"6643","arkana","6492"
"6644","sx3254dr384","6493"
"6645","21902","6494"
"6646","беларусь 920","6495"
"6647","410 d","6500"
"6648","r34dlb4x2mnb","6504"
"6649","tq h 1","6507"
"6650","zz4257s3241v","6508"
"6651","nqr71pl","6509"
"6652","land cruiser gxr v8","6513"
"6653","65115","6514"
"6654","8335r","6532"
"6657","Envision","6455"
"6659","Bolt","6457"
"6660","Fifth","6458"
"6661","Custom","6459"
"6662","Contour","6460"
"6663","Jimmy","6461"
"6665","Equus","6463"
"6666","G35","6464"
"6667","X-Type","6465"
"6668","K5","6466"
"6671","MKS","6469"
"6672","CX-30","6470"
"6676","Panamera","6474"
"6677","Corolla","6478"
"6678","Cabrio","6479"
"6679","S60","6480"
"6680","citan","6481"
"6681","tgs 40 400","6484"
"6682","td.65b","6488"
"6683","fa cf75","6489"
"6685","sx4258nv324","6493"
"6686","21214","6494"
"6687","беларус 1025","6495"
"6688","atego 1224","6500"
"6689","p380","6504"
"6690","hd 310 short","6507"
"6693","neo uat t25490","6514"
"6694","A8","6453"
"6695","ActiveHybrid","6454"
"6697","CT6-V","6456"
"6699","LHS","6458"
"6700","D150","6459"
"6701","Country","6460"
"6702","Pickup","6461"
"6704","Genesis","6463"
"6705","G35x","6464"
"6706","XE","6465"
"6707","K900","6466"
"6710","MKT","6469"
"6711","CX-5","6470"
"6713","Mirage","6472"
"6714","Ariya","6473"
"6717","Cabriolet","6479"
"6719","vito","6481"
"6721","far xf105","6489"
"6722","shentsi sx3251dm384","6493"
"6723","gab33-bdz","6494"
"6725","1843 ls axor","6500"
"6727","h 1","6507"
"6728","zz4257n3847c1cb","6508"
"6729","npr 77l","6509"
"6730","65116 n3","6514"
"6734","CTS","6456"
"6735","C10/K10","6457"
"6736","LeBaron","6458"
"6737","D350","6459"
"6738","Coupe","6460"
"6739","S-15","6461"
"6742","G37","6464"
"6744","Niro","6466"
"6747","MKX","6469"
"6748","CX-50","6470"
"6751","Armada","6473"
"6754","Corrado","6479"
"6756","1844","6481"
"6757","14 284","6484"
"6758","xf 105","6489"
"6759","sx11858j501","6493"
"6760","largus","6494"
"6762","axor","6500"
"6763","r 480","6504"
"6764","h 100","6507"
"6766","cyz 51plx","6509"
"6767","55111","6514"
"6768","GT","6453"
"6769","M2","6454"
"6770","LaCrosse","6455"
"6771","CTS-V","6456"
"6772","C20/K20","6457"
"6773","Newport","6458"
"6774","Dakota","6459"
"6775","Crestline","6460"
"6776","Safari","6461"
"6777","Clarity","6462"
"6778","IONIQ","6463"
"6779","G37x","6464"
"6780","XF","6465"
"6782","Series","6467"
"6784","MKZ","6469"
"6785","CX-7","6470"
"6787","Montero","6472"
"6788","Cube","6473"
"6791","Eos","6479"
"6793","1842ls","6481"
"6794","tgl 12 180  evro4","6484"
"6795","xf 460 ft","6489"
"6797","vesta","6494"
"6799","r380","6504"
"6800","a11","6507"
"6801","zz3317v4867c1c","6508"
"6802","nmr 77","6509"
"6803","43253","6514"
"6804","Q3","6453"
"6805","M240","6454"
"6806","LeSabre","6455"
"6807","Catera","6456"
"6808","C30/K30","6457"
"6809","PT","6458"
"6810","Dart","6459"
"6811","Crestliner","6460"
"6812","Savana","6461"
"6813","Crosstour","6462"
"6815","I30","6464"
"6816","XJ","6465"
"6821","CX-9","6470"
"6824","Frontier","6473"
"6827","Eurovan","6479"
"6829","l2007","6484"
"6830","fa xf106","6489"
"6832","xray","6494"
"6834","r480","6504"
"6835","mighty","6507"
"6836","zz4257n3247ci","6508"
"6838","65221","6514"
"6839","Q4","6453"
"6840","M3","6454"
"6841","Lucerne","6455"
"6842","DTS","6456"
"6843","Camaro","6457"
"6844","Pacifica","6458"
"6845","Daytona","6459"
"6846","Crown","6460"
"6848","Element","6462"
"6850","I35","6464"
"6851","XJ6","6465"
"6852","Optima","6466"
"6855","MPV","6470"
"6857","Outlander","6472"
"6858","GT-R","6473"
"6859","Taycan","6474"
"6860","Corona","6478"
"6861","GTI","6479"
"6862","S70","6480"
"6863","cla 31 280","6484"
"6864","95 430","6489"
"6865","sx5255gsshr434","6493"
"6867","1524l atego","6500"
"6868","n320 r440","6504"
"6869","grand starex","6507"
"6870","zz4257s3241vim","6508"
"6871","54115","6514"
"6872","Q5","6453"
"6873","M4","6454"
"6875","DeVille","6456"
"6876","Caprice","6457"
"6878","Diplomat","6459"
"6881","Fit","6462"
"6883","IPL","6464"
"6884","XJ8","6465"
"6886","GX","6468"
"6888","MX-3","6470"
"6891","Juke","6473"
"6893","Cressida","6478"
"6894","Golf","6479"
"6895","S80","6480"
"6896","cla 33 360","6484"
"6898","ehy5255gsss","6493"
"6900","222","6500"
"6901","r500 la","6504"
"6902","h1 12 seats euro 4","6507"
"6906","M5","6454"
"6908","ELR","6456"
"6910","Prowler","6458"
"6911","Durango","6459"
"6912","Customline","6460"
"6913","Sierra","6461"
"6914","HR-V","6462"
"6915","Kona","6463"
"6916","JX35","6464"
"6917","XJR","6465"
"6921","MX-30","6470"
"6924","Kicks","6473"
"6927","S90","6480"
"6928","tga 18 440 4x2lls","6484"
"6929","faxf105","6489"
"6930","sx4258dv464t","6493"
"6931","gfl33","6494"
"6932","atego","6500"
"6933","g440","6504"
"6934","zz3137n4646v","6508"
"6936","M550","6454"
"6937","Park","6455"
"6938","Eldorado","6456"
"6939","Captiva","6457"
"6940","Sebring","6458"
"6941","Grand","6459"
"6942","Deluxe","6460"
"6944","Insight","6462"
"6946","M30","6464"
"6947","XJS","6465"
"6948","Rondo","6466"
"6949","IS","6468"
"6951","MX-5","6470"
"6954","Leaf","6473"
"6955","ECHO","6478"
"6959","sx3255dr384","6493"
"6960","gfk33","6494"
"6961","208 d","6500"
"6962","r420","6504"
"6963","n3 евро 5","6508"
"6965","M6","6454"
"6966","Rainier","6455"
"6967","Escalade","6456"
"6968","Cavalier","6457"
"6969","TC","6458"
"6970","Hornet","6459"
"6971","E150","6460"
"6973","Odyssey","6462"
"6975","M35","6464"
"6976","XK","6465"
"6977","Sedona","6466"
"6982","Raider","6472"
"6983","Maxima","6473"
"6984","FJ","6478"
"6986","V40","6480"
"6989","largus rs045l","6494"
"6990","p114","6504"
"6991","zz4257v3847c1cb","6508"
"6992","Q7","6453"
"6994","Reatta","6455"
"6996","Celebrity","6457"
"6997","Town","6458"
"6998","Intrepid","6459"
"6999","E250","6460"
"7001","Passport","6462"
"7002","Palisade","6463"
"7003","M35h","6464"
"7005","Seltos","6466"
"7008","Mazda2","6470"
"7010","Sigma","6472"
"7011","Murano","6473"
"7012","GR86","6478"
"7014","V50","6480"
"7015","xf05e","6489"
"7016","sx4255dt324","6493"
"7017","ks045l","6494"
"7019","zz4257v3247n1b","6508"
"7020","Q8","6453"
"7021","M760","6454"
"7022","Regal","6455"
"7024","Chevelle","6457"
"7025","Voyager","6458"
"7026","Journey","6459"
"7027","E350","6460"
"7029","Prelude","6462"
"7030","Santa","6463"
"7031","M35x","6464"
"7033","Sephia","6466"
"7036","Mazda3","6470"
"7038","i-MiEV","6472"
"7040","Highlander","6478"
"7041","ID.4","6479"
"7042","V60","6480"
"7047","zz4257n3847с1cb","6508"
"7048","R8","6453"
"7049","M8","6454"
"7052","Chevy","6457"
"7053","Magnum","6459"
"7055","Sonoma","6461"
"7056","Ridgeline","6462"
"7058","M37","6464"
"7060","Sorento","6466"
"7063","Mazda5","6470"
"7065","пикап","6472"
"7068","Jetta","6479"
"7070","te05 38","6489"
"7071","f3000 10","6493"
"7072","gfk32","6494"
"7074","zz4257n3247c1","6508"
"7075","RS","6453"
"7078","Fleetwood","6456"
"7079","City","6457"
"7080","Neon","6459"
"7081","EcoSport","6460"
"7082","Sprint","6461"
"7083","S2000","6462"
"7085","M37x","6464"
"7086","XK8","6465"
"7089","Nautilus","6469"
"7090","Mazda6","6470"
"7092","NV","6473"
"7093","land cruiser prado","6478"
"7096","105 xf","6489"
"7097","sx4255nv324","6493"
"7099","zz4257v3847c1c","6508"
"7101","M850","6454"
"7102","Rendezvous","6455"
"7103","LYRIQ","6456"
"7104","Classic","6457"
"7105","Nitro","6459"
"7106","Edge","6460"
"7107","Suburban","6461"
"7108","odyssey touring","6462"
"7110","M56","6464"
"7111","XKE","6465"
"7114","Navigator","6469"
"7115","MazdaSpeed","6470"
"7118","MR2","6478"
"7120","V70","6480"
"7122","sx3258dr384","6493"
"7123","212140","6494"
"7127","Riviera","6455"
"7128","SRX","6456"
"7129","Cobalt","6457"
"7130","Omni","6459"
"7131","Escape","6460"
"7132","Terrain","6461"
"7134","M56x","6464"
"7135","XKR","6465"
"7136","Soul","6466"
"7137","IS-F","6468"
"7139","MazdaSpeed3","6470"
"7142","Matrix","6478"
"7144","V90","6480"
"7145","fa cf65","6489"
"7146","sx4258gv384t","6493"
"7147","21310","6494"
"7149","X1","6454"
"7150","Roadmaster","6455"
"7151","STS","6456"
"7152","Colorado","6457"
"7153","Polara","6459"
"7155","Vandura","6461"
"7157","Q45","6464"
"7159","LC","6468"
"7160","Premiere","6469"
"7161","MazdaSpeed6","6470"
"7164","Mirai","6478"
"7165","Karmann","6479"
"7167","ft 105","6489"
"7168","sx3258dr464t","6493"
"7169","21907","6494"
"7171","X2","6454"
"7172","Skylark","6455"
"7174","Confederate","6457"
"7175","Ram","6459"
"7177","Yukon","6461"
"7178","Sonata","6463"
"7179","Q50","6464"
"7180","Spectra","6466"
"7183","Millenia","6470"
"7187","Microbus","6479"
"7188","XC40","6480"
"7189","xf105","6489"
"7190","sx3315ht406","6493"
"7191","gfk11","6494"
"7193","X3","6454"
"7194","Terraza","6455"
"7196","Corvair","6457"
"7198","Escort","6460"
"7202","Spectra5","6466"
"7204","Versailles","6469"
"7205","Protege","6470"
"7207","NV200","6473"
"7208","Previa","6478"
"7209","Passat","6479"
"7211","nx300","6489"
"7213","gfl32","6494"
"7216","Verano","6455"
"7218","Corvette","6457"
"7220","Excursion","6460"
"7223","Q60","6464"
"7224","Sportage","6466"
"7226","Zephyr","6469"
"7227","Protege5","6470"
"7229","NX","6473"
"7230","Prius","6478"
"7231","Phaeton","6479"
"7232","XC60","6480"
"7233","105 460","6489"
"7234","lzgcr2843jx149932","6493"
"7235","fs045","6494"
"7236","RS6","6453"
"7241","Expedition","6460"
"7242","Tiburon","6463"
"7243","Q70","6464"
"7246","RX-7","6470"
"7248","Pathfinder","6473"
"7250","Rabbit","6479"
"7252","te105 xf","6489"
"7253","21901","6494"
"7254","S3","6453"
"7255","X4","6454"
"7256","Seville","6456"
"7257","Cruze","6457"
"7260","Tucson","6463"
"7261","Q70L","6464"
"7264","RX-8","6470"
"7268","Routan","6479"
"7269","XC70","6480"
"7271","fs035l","6494"
"7272","S4","6453"
"7274","XT5","6456"
"7276","Ramcharger","6459"
"7279","Q70h","6464"
"7280","Stinger","6466"
"7282","Tribute","6470"
"7286","Taos","6479"
"7287","XC90","6480"
"7288","te 95xf","6489"
"7289","fs035l acb","6494"
"7290","S5","6453"
"7291","X5","6454"
"7292","XT6","6456"
"7293","Delray","6457"
"7294","SRT","6459"
"7295","Explorer","6460"
"7297","QX30","6464"
"7298","Telluride","6466"
"7302","Quest","6473"
"7304","Thing","6479"
"7307","21922","6494"
"7308","S6","6453"
"7310","XTS","6456"
"7312","Shadow","6459"
"7314","Veloster","6463"
"7315","QX4","6464"
"7316","bongo","6466"
"7317","LX","6468"
"7319","Rogue","6473"
"7320","RAV4","6478"
"7321","Tiguan","6479"
"7323","ft105xf460","6489"
"7324","gab32","6494"
"7325","S7","6453"
"7327","El","6457"
"7328","Sprinter","6459"
"7331","QX50","6464"
"7332","бонго","6466"
"7338","fl 280","6480"
"7339","tgx h4en3","6489"
"7340","232900","6494"
"7341","S8","6453"
"7343","Equinox","6457"
"7344","Stealth","6459"
"7345","F-150","6460"
"7346","Venue","6463"
"7347","QX55","6464"
"7348","sedona","6466"
"7353","Touareg","6479"
"7354","fh 4xt","6480"
"7355","xf105 ftxf105","6489"
"7356","21911","6494"
"7357","SQ5","6453"
"7358","X6","6454"
"7359","Express","6457"
"7360","Stratus","6459"
"7362","Veracruz","6463"
"7363","QX56","6464"
"7364","""""""bongo""""""","6466"
"7370","fh/42 tb-38-s","6480"
"7371","fa xf 105","6489"
"7372","ks045l lada largus","6494"
"7376","Viper","6459"
"7377","F-250","6460"
"7378","XG350","6463"
"7379","QX60","6464"
"7380","k2700","6466"
"7383","Sentra","6473"
"7384","Sequoia","6478"
"7386","fh 420","6480"
"7387","ft 95xf","6489"
"7388","21912","6494"
"7389","SQ7","6453"
"7390","X7","6454"
"7392","F-350","6460"
"7395","carnival","6466"
"7398","Titan","6473"
"7399","Sienna","6478"
"7400","Vanagon","6479"
"7401","fl6","6480"
"7402","ft хf105","6489"
"7403","21947","6494"
"7404","SQ8","6453"
"7405","Z4","6454"
"7406","Fleetline","6457"
"7407","F-450","6460"
"7408","solaris","6463"
"7409","QX70","6464"
"7410","bong 3 frezzing car","6466"
"7414","Supra","6478"
"7415","e-Golf","6479"
"7417","ftxf 105","6489"
"7418","ks035 a00","6494"
"7419","TT","6453"
"7420","Z8","6454"
"7421","Fleetmaster","6457"
"7422","F100","6460"
"7423","novas 300","6463"
"7424","QX80","6464"
"7425","k 4000","6466"
"7428","Versa","6473"
"7429","T100","6478"
"7430","vw","6479"
"7431","fh","6480"
"7433","21921","6494"
"7435","i3","6454"
"7436","HHR","6457"
"7437","Fairlane","6460"
"7438","h1","6463"
"7439","rio 1 4gsl lx d443","6466"
"7443","Tacoma","6478"
"7444","transport.kassevogn","6479"
"7445","540hp","6480"
"7446","te105xf","6489"
"7447","21917","6494"
"7448","TTS","6453"
"7449","i4","6454"
"7450","Impala","6457"
"7453","bomgo","6466"
"7455","B-Class","6471"
"7456","Xterra","6473"
"7457","Tercel","6478"
"7459","fha3c","6480"
"7462","allroad","6453"
"7463","i7","6454"
"7465","Falcon","6460"
"7466","h 1 statex","6463"
"7467","b0ngo","6466"
"7470","Z","6473"
"7471","Tundra","6478"
"7472","crafter","6479"
"7474","xf 105460","6489"
"7475","ks0y5l","6494"
"7476","e-tron","6453"
"7477","i8","6454"
"7478","Kingswood","6457"
"7479","Fiesta","6460"
"7480","porterii cargo","6463"
"7481","cerato pe 1 6 lx","6466"
"7482","RC","6468"
"7483","C-Class","6471"
"7484","patrol","6473"
"7486","crafte 35","6479"
"7487","fh13a42t","6480"
"7488","ft fx105","6489"
"7489","gfl330","6494"
"7491","iX","6454"
"7492","Lumina","6457"
"7493","Five","6460"
"7494","h1 сoach","6463"
"7496","CL-Class","6471"
"7497","Venza","6478"
"7499","fhа3с","6480"
"7500","ftxf105","6489"
"7501","gfk32-xsh-52м","6494"
"7503","x7 xdrive","6454"
"7504","Malibu","6457"
"7505","Flex","6460"
"7506","h 1 tq","6463"
"7508","CLA-Class","6471"
"7509","Yaris","6478"
"7510","caddy","6479"
"7512","ft95 xf430","6489"
"7515","530i xdrive","6454"
"7517","Focus","6460"
"7518","creta","6463"
"7520","CLK-Class","6471"
"7522","kassevogn 1 9 tdi","6479"
"7523","fh 42 tb","6480"
"7524","95xf 480","6489"
"7526","640i","6454"
"7529","tq","6463"
"7530","RX","6468"
"7531","CLS-Class","6471"
"7533","transporter 2 0 tdi l2h3","6479"
"7535","ftxf 105 460","6489"
"7536","q8 su 58 55 tfsi tiptronic quattro","6453"
"7540","starex","6463"
"7542","E-Class","6471"
"7543","bZ4X","6478"
"7545","600hp","6480"
"7546","xf05e ft","6489"
